Workbook

Sheet Dados
A1: cod_ibge | B1: ente | C1: grupo | D1: populacao (IBGE 2024) | E1: saude (R$, Siconfi DCA) | F1: receita (R$, RREO Anexo 01)
A2: 3300100 | B2: Angra dos Reis | C2: Costa Verde | D2: 179120 | E2: 6.7932835e+08 | F2: 2.3367137e+09
A3: 3300159 | B3: Aperibé | C3: Noroeste Fluminense | D3: 11420 | E3: 34661348 | F3: 1.1869905e+08
A4: 3300209 | B4: Araruama | C4: Baixadas Litorâneas | D4: 137773 | E4: 2.7002151e+08 | F4: 1.1574741e+09
A5: 3300225 | B5: Areal | C5: Centro-Sul Fluminense | D5: 12236 | E5: 34690389 | F5: 1.4418504e+08
A6: 3300233 | B6: Armação dos Búzios | C6: Baixadas Litorâneas | D6: 42442 | E6: 1.5623752e+08 | F6: 6.3243421e+08
A7: 3300258 | B7: Arraial do Cabo | C7: Baixadas Litorâneas | D7: 32794 | E7: 1.8117219e+08 | F7: 8.1886509e+08
A8: 3300407 | B8: Barra Mansa | C8: Médio Paraíba | D8: 181688 | E8: 2.5825053e+08 | F8: 8.975346e+08
A9: 3300308 | B9: Barra do Piraí | C9: Médio Paraíba | D9: 98501 | E9: 1.2548746e+08 | F9: 4.1355392e+08
A10: 3300456 | B10: Belford Roxo | C10: Baixada (núcleo de 6) | D10: 518263 | E10: 5.7094849e+08 | F10: 1634765364
A11: 3300506 | B11: Bom Jardim | C11: Serrana | D11: 29736 | E11: 43970483 | F11: 1.6387911e+08
A12: 3300605 | B12: Bom Jesus do Itabapoana | C12: Noroeste Fluminense | D12: 37172 | E12: 1.4129504e+08 | F12: 2.8219033e+08
A13: 3300704 | B13: Cabo Frio | C13: Baixadas Litorâneas | D13: 238166 | E13: 4.7316677e+08 | F13: 1.4712842e+09
... A93: 3304557 | B93: Rio de Janeiro | C93: Capital | D93: 6729894 | E93: 7.6426443e+09 | F93: 3.8957558e+10

Sheet A1_decomposicao
A1: ente | B1: gasto_hab | C1: receita_hab | D1: fatia | E1: ln_gasto | F1: ln_receita | G1: ln_fatia | H1: desvio_gasto | I1: desvio_receita | J1: desvio_fatia | K1: conferência (gasto - receita - fatia) | L1: gasto vs referência | M1: receita vs referência | N1: fatia vs referência
A2: =Dados!B2 | B2: =Dados!E2/Dados!D2 | C2: =Dados!F2/Dados!D2 | D2: =Dados!E2/Dados!F2 | E2: =LN(B2) | F2: =LN(C2) | G2: =LN(D2) | H2: =E2-AVERAGE(E$2:E$93) | I2: =F2-AVERAGE(F$2:F$93) | J2: =G2-AVERAGE(G$2:G$93) | K2: =H2-(I2+J2) | L2: =EXP(H2)-1 | M2: =EXP(I2)-1 | N2: =EXP(J2)-1
A3: =Dados!B3 | B3: =Dados!E3/Dados!D3 | C3: =Dados!F3/Dados!D3 | D3: =Dados!E3/Dados!F3 | E3: =LN(B3) | F3: =LN(C3) | G3: =LN(D3) | H3: =E3-AVERAGE(E$2:E$93) | I3: =F3-AVERAGE(F$2:F$93) | J3: =G3-AVERAGE(G$2:G$93) | K3: =H3-(I3+J3) | L3: =EXP(H3)-1 | M3: =EXP(I3)-1 | N3: =EXP(J3)-1
A4: =Dados!B4 | B4: =Dados!E4/Dados!D4 | C4: =Dados!F4/Dados!D4 | D4: =Dados!E4/Dados!F4 | E4: =LN(B4) | F4: =LN(C4) | G4: =LN(D4) | H4: =E4-AVERAGE(E$2:E$93) | I4: =F4-AVERAGE(F$2:F$93) | J4: =G4-AVERAGE(G$2:G$93) | K4: =H4-(I4+J4) | L4: =EXP(H4)-1 | M4: =EXP(I4)-1 | N4: =EXP(J4)-1
A5: =Dados!B5 | B5: =Dados!E5/Dados!D5 | C5: =Dados!F5/Dados!D5 | D5: =Dados!E5/Dados!F5 | E5: =LN(B5) | F5: =LN(C5) | G5: =LN(D5) | H5: =E5-AVERAGE(E$2:E$93) | I5: =F5-AVERAGE(F$2:F$93) | J5: =G5-AVERAGE(G$2:G$93) | K5: =H5-(I5+J5) | L5: =EXP(H5)-1 | M5: =EXP(I5)-1 | N5: =EXP(J5)-1
A6: =Dados!B6 | B6: =Dados!E6/Dados!D6 | C6: =Dados!F6/Dados!D6 | D6: =Dados!E6/Dados!F6 | E6: =LN(B6) | F6: =LN(C6) | G6: =LN(D6) | H6: =E6-AVERAGE(E$2:E$93) | I6: =F6-AVERAGE(F$2:F$93) | J6: =G6-AVERAGE(G$2:G$93) | K6: =H6-(I6+J6) | L6: =EXP(H6)-1 | M6: =EXP(I6)-1 | N6: =EXP(J6)-1
A7: =Dados!B7 | B7: =Dados!E7/Dados!D7 | C7: =Dados!F7/Dados!D7 | D7: =Dados!E7/Dados!F7 | E7: =LN(B7) | F7: =LN(C7) | G7: =LN(D7) | H7: =E7-AVERAGE(E$2:E$93) | I7: =F7-AVERAGE(F$2:F$93) | J7: =G7-AVERAGE(G$2:G$93) | K7: =H7-(I7+J7) | L7: =EXP(H7)-1 | M7: =EXP(I7)-1 | N7: =EXP(J7)-1
A8: =Dados!B8 | B8: =Dados!E8/Dados!D8 | C8: =Dados!F8/Dados!D8 | D8: =Dados!E8/Dados!F8 | E8: =LN(B8) | F8: =LN(C8) | G8: =LN(D8) | H8: =E8-AVERAGE(E$2:E$93) | I8: =F8-AVERAGE(F$2:F$93) | J8: =G8-AVERAGE(G$2:G$93) | K8: =H8-(I8+J8) | L8: =EXP(H8)-1 | M8: =EXP(I8)-1 | N8: =EXP(J8)-1
A9: =Dados!B9 | B9: =Dados!E9/Dados!D9 | C9: =Dados!F9/Dados!D9 | D9: =Dados!E9/Dados!F9 | E9: =LN(B9) | F9: =LN(C9) | G9: =LN(D9) | H9: =E9-AVERAGE(E$2:E$93) | I9: =F9-AVERAGE(F$2:F$93) | J9: =G9-AVERAGE(G$2:G$93) | K9: =H9-(I9+J9) | L9: =EXP(H9)-1 | M9: =EXP(I9)-1 | N9: =EXP(J9)-1
A10: =Dados!B10 | B10: =Dados!E10/Dados!D10 | C10: =Dados!F10/Dados!D10 | D10: =Dados!E10/Dados!F10 | E10: =LN(B10) | F10: =LN(C10) | G10: =LN(D10) | H10: =E10-AVERAGE(E$2:E$93) | I10: =F10-AVERAGE(F$2:F$93) | J10: =G10-AVERAGE(G$2:G$93) | K10: =H10-(I10+J10) | L10: =EXP(H10)-1 | M10: =EXP(I10)-1 | N10: =EXP(J10)-1
A11: =Dados!B11 | B11: =Dados!E11/Dados!D11 | C11: =Dados!F11/Dados!D11 | D11: =Dados!E11/Dados!F11 | E11: =LN(B11) | F11: =LN(C11) | G11: =LN(D11) | H11: =E11-AVERAGE(E$2:E$93) | I11: =F11-AVERAGE(F$2:F$93) | J11: =G11-AVERAGE(G$2:G$93) | K11: =H11-(I11+J11) | L11: =EXP(H11)-1 | M11: =EXP(I11)-1 | N11: =EXP(J11)-1
A12: =Dados!B12 | B12: =Dados!E12/Dados!D12 | C12: =Dados!F12/Dados!D12 | D12: =Dados!E12/Dados!F12 | E12: =LN(B12) | F12: =LN(C12) | G12: =LN(D12) | H12: =E12-AVERAGE(E$2:E$93) | I12: =F12-AVERAGE(F$2:F$93) | J12: =G12-AVERAGE(G$2:G$93) | K12: =H12-(I12+J12) | L12: =EXP(H12)-1 | M12: =EXP(I12)-1 | N12: =EXP(J12)-1
A13: =Dados!B13 | B13: =Dados!E13/Dados!D13 | C13: =Dados!F13/Dados!D13 | D13: =Dados!E13/Dados!F13 | E13: =LN(B13) | F13: =LN(C13) | G13: =LN(D13) | H13: =E13-AVERAGE(E$2:E$93) | I13: =F13-AVERAGE(F$2:F$93) | J13: =G13-AVERAGE(G$2:G$93) | K13: =H13-(I13+J13) | L13: =EXP(H13)-1 | M13: =EXP(I13)-1 | N13: =EXP(J13)-1
... A93: =Dados!B93 | B93: =Dados!E93/Dados!D93 | C93: =Dados!F93/Dados!D93 | D93: =Dados!E93/Dados!F93 | E93: =LN(B93) | F93: =LN(C93) | G93: =LN(D93) | H93: =E93-AVERAGE(E$2:E$93) | I93: =F93-AVERAGE(F$2:F$93) | J93: =G93-AVERAGE(G$2:G$93) | K93: =H93-(I93+J93) | L93: =EXP(H93)-1 | M93: =EXP(I93)-1 | N93: =EXP(J93)-1

Sheet Modelos
A1: ente | B1: const | C1: ln_receita (x) | D1: Baixada (0/1) | E1: Resto da Metropolitana (0/1) | F1: ln_gasto (y) | H1: x0 da capital: const, ln_receita, Baixada, Resto
A2: =Dados!B2 | B2: 1 | C2: =A1_decomposicao!F2 | D2: =IF(Dados!C2="Baixada (núcleo de 6)",1,0) | E2: =IF(Dados!C2="Metropolitana (resto, 15)",1,0) | F2: =A1_decomposicao!E2 | H2: 1 | I2: =C93 | J2: 0 | K2: 1
A3: =Dados!B3 | B3: 1 | C3: =A1_decomposicao!F3 | D3: =IF(Dados!C3="Baixada (núcleo de 6)",1,0) | E3: =IF(Dados!C3="Metropolitana (resto, 15)",1,0) | F3: =A1_decomposicao!E3
A4: =Dados!B4 | B4: 1 | C4: =A1_decomposicao!F4 | D4: =IF(Dados!C4="Baixada (núcleo de 6)",1,0) | E4: =IF(Dados!C4="Metropolitana (resto, 15)",1,0) | F4: =A1_decomposicao!E4 | H4: (X'X)^-1 do M3, 91 cidades
A5: =Dados!B5 | B5: 1 | C5: =A1_decomposicao!F5 | D5: =IF(Dados!C5="Baixada (núcleo de 6)",1,0) | E5: =IF(Dados!C5="Metropolitana (resto, 15)",1,0) | F5: =A1_decomposicao!E5 | H5: {=MINVERSE(MMULT(TRANSPOSE(B2:E92),B2:E92))}
A6: =Dados!B6 | B6: 1 | C6: =A1_decomposicao!F6 | D6: =IF(Dados!C6="Baixada (núcleo de 6)",1,0) | E6: =IF(Dados!C6="Metropolitana (resto, 15)",1,0) | F6: =A1_decomposicao!E6
A7: =Dados!B7 | B7: 1 | C7: =A1_decomposicao!F7 | D7: =IF(Dados!C7="Baixada (núcleo de 6)",1,0) | E7: =IF(Dados!C7="Metropolitana (resto, 15)",1,0) | F7: =A1_decomposicao!E7
A8: =Dados!B8 | B8: 1 | C8: =A1_decomposicao!F8 | D8: =IF(Dados!C8="Baixada (núcleo de 6)",1,0) | E8: =IF(Dados!C8="Metropolitana (resto, 15)",1,0) | F8: =A1_decomposicao!E8
A9: =Dados!B9 | B9: 1 | C9: =A1_decomposicao!F9 | D9: =IF(Dados!C9="Baixada (núcleo de 6)",1,0) | E9: =IF(Dados!C9="Metropolitana (resto, 15)",1,0) | F9: =A1_decomposicao!E9
A10: =Dados!B10 | B10: 1 | C10: =A1_decomposicao!F10 | D10: =IF(Dados!C10="Baixada (núcleo de 6)",1,0) | E10: =IF(Dados!C10="Metropolitana (resto, 15)",1,0) | F10: =A1_decomposicao!E10
A11: =Dados!B11 | B11: 1 | C11: =A1_decomposicao!F11 | D11: =IF(Dados!C11="Baixada (núcleo de 6)",1,0) | E11: =IF(Dados!C11="Metropolitana (resto, 15)",1,0) | F11: =A1_decomposicao!E11
A12: =Dados!B12 | B12: 1 | C12: =A1_decomposicao!F12 | D12: =IF(Dados!C12="Baixada (núcleo de 6)",1,0) | E12: =IF(Dados!C12="Metropolitana (resto, 15)",1,0) | F12: =A1_decomposicao!E12
A13: =Dados!B13 | B13: 1 | C13: =A1_decomposicao!F13 | D13: =IF(Dados!C13="Baixada (núcleo de 6)",1,0) | E13: =IF(Dados!C13="Metropolitana (resto, 15)",1,0) | F13: =A1_decomposicao!E13
A14: =Dados!B14 | B14: 1 | C14: =A1_decomposicao!F14 | D14: =IF(Dados!C14="Baixada (núcleo de 6)",1,0) | E14: =IF(Dados!C14="Metropolitana (resto, 15)",1,0) | F14: =A1_decomposicao!E14
A15: =Dados!B15 | B15: 1 | C15: =A1_decomposicao!F15 | D15: =IF(Dados!C15="Baixada (núcleo de 6)",1,0) | E15: =IF(Dados!C15="Metropolitana (resto, 15)",1,0) | F15: =A1_decomposicao!E15
A16: =Dados!B16 | B16: 1 | C16: =A1_decomposicao!F16 | D16: =IF(Dados!C16="Baixada (núcleo de 6)",1,0) | E16: =IF(Dados!C16="Metropolitana (resto, 15)",1,0) | F16: =A1_decomposicao!E16
A17: =Dados!B17 | B17: 1 | C17: =A1_decomposicao!F17 | D17: =IF(Dados!C17="Baixada (núcleo de 6)",1,0) | E17: =IF(Dados!C17="Metropolitana (resto, 15)",1,0) | F17: =A1_decomposicao!E17
... A93: =Dados!B93 | B93: 1 | C93: =A1_decomposicao!F93 | D93: =IF(Dados!C93="Baixada (núcleo de 6)",1,0) | E93: =IF(Dados!C93="Metropolitana (resto, 15)",1,0) | F93: =A1_decomposicao!E93

Sheet Resumo
A1: Conferência do Analyze (A1 e regressão simples)
A3: Referência (média geométrica das 92 cidades)
A4: gasto por habitante (R$) | B4: =EXP(AVERAGE(A1_decomposicao!E2:E93))
A5: receita por habitante (R$) | B5: =EXP(AVERAGE(A1_decomposicao!F2:F93))
A6: fatia da receita na saúde | B6: =EXP(AVERAGE(A1_decomposicao!G2:G93))
A7: Correlação (log)
A8: gasto x receita | B8: =CORREL(A1_decomposicao!E2:E93,A1_decomposicao!F2:F93)
A9: gasto x fatia | B9: =CORREL(A1_decomposicao!E2:E93,A1_decomposicao!G2:G93)
A10: Regressão simples em log: ln(gasto) = a + b ln(receita)
A11: elasticidade b, 92 cidades | B11: =SLOPE(A1_decomposicao!E2:E93,A1_decomposicao!F2:F93)
A12: R2, 92 cidades | B12: =RSQ(A1_decomposicao!E2:E93,A1_decomposicao!F2:F93)
A13: elasticidade b, sem a capital (91) | B13: =SLOPE(A1_decomposicao!E2:E92,A1_decomposicao!F2:F92)
A14: R2, sem a capital (91) | B14: =RSQ(A1_decomposicao!E2:E92,A1_decomposicao!F2:F92)
A15: Capital (última linha de dados)
A16: gasto por habitante da capital (R$) | B16: =A1_decomposicao!B93
A17: receita por habitante da capital (R$) | B17: =A1_decomposicao!C93
A18: fatia da capital | B18: =A1_decomposicao!D93
A19: gasto da capital vs referência | B19: =A1_decomposicao!L93
A20: receita da capital vs referência | B20: =A1_decomposicao!M93
A21: fatia da capital vs referência | B21: =A1_decomposicao!N93
A22: mediana da fatia nas 92 | B22: =MEDIAN(A1_decomposicao!D2:D93)
A23: maior erro da identidade (deve ser ~0) | B23: =MAX(MAX(A1_decomposicao!K2:K93),-MIN(A1_decomposicao!K2:K93))
A24: Modelo M3 (91 cidades, sem a capital): ln(gasto) = a + b ln(receita) + Baixada + Resto, mínimos quadrados (LINEST)
A25: M3 elasticidade b | B25: =INDEX(LINEST(Modelos!F2:F92,Modelos!C2:E92,TRUE,TRUE),1,3)
A26: M3 efeito Baixada (%) | B26: =EXP(INDEX(LINEST(Modelos!F2:F92,Modelos!C2:E92,TRUE,TRUE),1,2))-1
A27: M3 efeito Resto da Metropolitana (%) | B27: =EXP(INDEX(LINEST(Modelos!F2:F92,Modelos!C2:E92,TRUE,TRUE),1,1))-1
A28: M3 R2 | B28: =INDEX(LINEST(Modelos!F2:F92,Modelos!C2:E92,TRUE,TRUE),3,1)
A29: M3 erro-padrão da regressão (s) | B29: =INDEX(LINEST(Modelos!F2:F92,Modelos!C2:E92,TRUE,TRUE),3,2)
A30: Capital prevista pelo M3 (como resto da Metropolitana)
A31: ln do gasto previsto | B31: =INDEX(LINEST(Modelos!F2:F92,Modelos!C2:E92,TRUE,TRUE),1,4)+INDEX(LINEST(Modelos!F2:F92,Modelos!C2:E92,TRUE,TRUE),1,3)*Modelos!I2+INDEX(LINEST(Modelos!F2:F92,Modelos!C2:E92,TRUE,TRUE),1,1)
A32: gasto previsto (R$ por habitante) | B32: =EXP(B31)
A33: alavanca da capital (x0 (X'X)^-1 x0') | B33: =SUMPRODUCT(MMULT(Modelos!H2:K2,Modelos!H5:K8),Modelos!H2:K2)
A34: t crítico (95%, 87 graus de liberdade) | B34: =TINV(0.05,87)
A35: limite inferior do intervalo de previsão (R$) | B35: =EXP(B31-B34*B29*SQRT(1+B33))
A36: limite superior do intervalo de previsão (R$) | B36: =EXP(B31+B34*B29*SQRT(1+B33))
A37: gasto real da capital em relação ao previsto | B37: =B16/B32-1
